id,subject,game_type,question,answer,explanation,automated_check,curriculum_alignment,human_review,decision
"G2-YEAR26-PILOT-001","math","TILE_CHOICE","46+27은 얼마인가요?","73","일의 자리 6+7=13에서 1을 십의 자리로 올리면 4+2+1=7, 답은 73입니다.","passed","pending","pending","hold"
"G2-YEAR26-PILOT-002","math","TILE_CHOICE","82-35는 얼마인가요?","47","일의 자리에서 12-5=7, 십의 자리에서 7-3=4이므로 47입니다.","passed","pending","pending","hold"
"G2-YEAR26-PILOT-003","math","TILE_CHOICE","5개씩 담긴 상자 4개에는 물건이 몇 개 있나요?","20개","5+5+5+5=20개로, 5의 4배입니다.","passed","pending","pending","hold"
"G2-YEAR26-PILOT-004","math","TILE_CHOICE","수의 규칙: 12, 22, 32, 42, 다음 수는?","52","10씩 커지는 규칙입니다. 42+10=52입니다.","passed","pending","pending","hold"
"G2-YEAR26-PILOT-005","math","TILE_CHOICE","시계의 긴바늘이 12, 짧은바늘이 7을 가리키면 몇 시인가요?","7시","긴바늘이 12를 가리키면 정각이고 짧은바늘이 7을 가리키므로 7시입니다.","passed","pending","pending","hold"
"G2-YEAR26-PILOT-006","math","TILE_CHOICE","길이가 35cm인 끈과 28cm인 끈을 이어 붙이고 겹친 부분이 없으면 전체 길이는?","63cm","35+28=63cm입니다.","passed","pending","pending","hold"
"G2-YEAR26-PILOT-007","math","TILE_CHOICE","좋아하는 운동 조사: 축구 8명, 달리기 5명, 수영 7명. 가장 적게 선택한 운동은?","달리기","5명이 선택한 달리기가 가장 적습니다.","passed","pending","pending","hold"
"G2-YEAR26-PILOT-008","math","TILE_CHOICE","100원짜리 동전 3개와 10원짜리 동전 4개의 금액은?","340원","300원+40원=340원입니다.","passed","pending","pending","hold"
"G2-YEAR26-PILOT-009","korean","MULTIPLE_CHOICE","글: '학교 텃밭의 상추가 시들었습니다. 아이들은 흙이 마른 것을 보고 물을 주었습니다.' 아이들이 물을 준 이유는?","흙이 말랐기 때문에","상추가 시들고 흙이 말랐다는 문장이 물을 준 이유를 알려 줍니다.","passed","pending","pending","hold"
"G2-YEAR26-PILOT-010","korean","MULTIPLE_CHOICE","글: '도서관은 월요일에 쉽니다. 화요일부터 금요일까지 문을 엽니다.' 책을 빌릴 수 있는 날은?","화요일","안내문에 화요일부터 금요일까지 문을 연다고 했습니다.","passed","pending","pending","hold"
"G2-YEAR26-PILOT-011","korean","MULTIPLE_CHOICE","글: '지우는 우산을 가져왔지만 비가 그쳤습니다. 그래서 우산을 펴지 않았습니다.' 지우가 우산을 펴지 않은 이유는?","비가 그쳐서","비가 그쳤다는 사실이 우산을 펴지 않은 이유입니다.","passed","pending","pending","hold"
"G2-YEAR26-PILOT-012","korean","MULTIPLE_CHOICE","글: '아침에 씨앗을 심었습니다. 일주일 뒤 작은 싹이 나왔습니다.' 나중에 일어난 일은?","작은 싹이 나왔다","씨앗을 심은 뒤 일주일이 지나 싹이 나왔습니다.","passed","pending","pending","hold"
"G2-YEAR26-PILOT-013","korean","MULTIPLE_CHOICE","친구에게 부탁할 때 가장 알맞은 말은?","지우개를 잠깐 빌려줄 수 있니?","부탁하는 말에는 상대를 존중하는 표현을 사용합니다.","passed","pending","pending","hold"
"G2-YEAR26-PILOT-014","korean","MULTIPLE_CHOICE","글: '강아지는 물그릇이 비자 주인 곁에서 짖었습니다. 주인은 물을 채워 주었습니다.' 주인이 한 일은?","물그릇을 채웠다","마지막 문장에 주인이 물을 채워 주었다고 나옵니다.","passed","pending","pending","hold"
"G2-YEAR26-PILOT-015","integrated","TILE_CHOICE","학교에서 지진 대피 연습을 할 때 알맞은 행동은?","선생님의 안내에 따라 이동한다","대피 연습에서는 안내를 듣고 질서를 지키며 이동해야 합니다.","passed","pending","pending","hold"
"G2-YEAR26-PILOT-016","integrated","TILE_CHOICE","화분 두 개에 같은 씨앗을 심고 물의 양에 따른 변화를 비교하려면 무엇을 같게 해야 할까요?","씨앗 종류와 빛의 조건","물의 양만 다르게 하고 다른 조건은 같게 해야 변화를 비교하기 쉽습니다.","passed","pending","pending","hold"
"G2-YEAR26-PILOT-017","integrated","TILE_CHOICE","하루 동안 물을 아껴 쓰는 방법으로 알맞은 것은?","양치할 때 컵에 물을 받아 쓴다","필요한 만큼만 물을 사용하면 물을 절약할 수 있습니다.","passed","pending","pending","hold"
"G2-YEAR26-PILOT-018","integrated","TILE_CHOICE","그림자 길이를 오전과 낮에 비교하려면 어떻게 해야 하나요?","같은 장소에서 시간을 달리해 관찰한다","같은 물체와 장소를 기준으로 시간에 따른 변화를 관찰합니다.","passed","pending","pending","hold"
"G2-YEAR26-EXP01-001","math","TILE_CHOICE","36+48은 얼마인가요?","84","6+8=14이므로 일의 자리에 4를 쓰고 십의 자리에 1을 올려 84입니다.","passed","pending","pending","hold"
"G2-YEAR26-EXP01-002","math","TILE_CHOICE","93-57은 얼마인가요?","36","일의 자리에서 13-7=6, 십의 자리에서 8-5=3이므로 36입니다.","passed","pending","pending","hold"
"G2-YEAR26-EXP01-003","math","TILE_CHOICE","연필을 한 묶음에 3자루씩 6묶음 담았습니다. 모두 몇 자루인가요?","18자루","3을 여섯 번 더하면 18입니다. 3×6=18입니다.","passed","pending","pending","hold"
"G2-YEAR26-EXP01-004","math","TILE_CHOICE","규칙을 찾아보세요. 7, 14, 21, 28, 다음 수는?","35","7씩 커지므로 28+7=35입니다.","passed","pending","pending","hold"
"G2-YEAR26-EXP01-005","math","TILE_CHOICE","오후 2시에 시작해 오후 3시에 끝나는 활동은 몇 시간 동안 하나요?","1시간","2시부터 3시까지는 1시간입니다.","passed","pending","pending","hold"
"G2-YEAR26-EXP01-006","math","TILE_CHOICE","리본 1m는 몇 cm인가요?","100cm","1m는 100cm입니다.","passed","pending","pending","hold"
"G2-YEAR26-EXP01-007","math","TILE_CHOICE","색종이 사용량: 월요일 12장, 화요일 9장, 수요일 15장. 가장 많이 쓴 날은?","수요일","15가 12와 9보다 크므로 수요일입니다.","passed","pending","pending","hold"
"G2-YEAR26-EXP01-008","math","TILE_CHOICE","100원짜리 동전 5개와 50원짜리 동전 2개의 금액은?","600원","500원+100원=600원입니다.","passed","pending","pending","hold"
"G2-YEAR26-EXP01-009","korean","MULTIPLE_CHOICE","글: '서연이는 학교에 가는 길에 비를 만났습니다. 가방 속 우비를 꺼내 입었습니다.' 서연이가 우비를 입은 까닭은?","비를 피하려고","비가 내리는 상황에서 몸이 젖지 않도록 우비를 입었습니다.","passed","pending","pending","hold"
"G2-YEAR26-EXP01-010","korean","MULTIPLE_CHOICE","글: '아빠가 씨앗을 심었습니다. 며칠 뒤 싹이 나왔습니다. 그다음 잎이 자랐습니다.' 두 번째로 일어난 일은?","싹이 나왔다","씨앗 심기 다음에 싹이 나고, 그다음 잎이 자랐습니다.","passed","pending","pending","hold"
"G2-YEAR26-EXP01-011","korean","MULTIPLE_CHOICE","안내: '체육관에서는 실내 운동화를 신어 주세요.' 체육관에서 신을 신발은?","실내 운동화","안내문에서 실내 운동화를 신으라고 했습니다.","passed","pending","pending","hold"
"G2-YEAR26-EXP01-012","korean","MULTIPLE_CHOICE","글: '동생은 블록 탑을 완성하고 환하게 웃었습니다.' 동생의 마음으로 알맞은 것은?","기쁨","탑을 완성하고 환하게 웃었다는 표현에서 기쁜 마음을 알 수 있습니다.","passed","pending","pending","hold"
"G2-YEAR26-EXP01-013","korean","MULTIPLE_CHOICE","글: '도서관에서는 작은 목소리로 말합니다. 다른 사람이 책을 읽고 있기 때문입니다.' 작은 목소리로 말해야 하는 이유는?","책 읽는 사람을 배려하려고","다른 사람의 독서를 방해하지 않기 위해서입니다.","passed","pending","pending","hold"
"G2-YEAR26-EXP01-014","korean","MULTIPLE_CHOICE","글: '하늘이는 숙제를 끝내고 가방에 공책을 넣었습니다. 다음 날 학교에서 공책을 꺼냈습니다.' 공책을 꺼낸 장소는?","학교","다음 날 학교에서 공책을 꺼냈다고 했습니다.","passed","pending","pending","hold"
"G2-YEAR26-EXP01-015","integrated","TILE_CHOICE","횡단보도에서 보행자 신호가 초록색으로 바뀌었습니다. 먼저 해야 할 일은?","차가 멈췄는지 살핀다","초록불이어도 차량이 멈췄는지 확인하고 안전하게 건넙니다.","passed","pending","pending","hold"
"G2-YEAR26-EXP01-016","integrated","TILE_CHOICE","해가 잘 드는 곳과 그늘진 곳의 식물 모습을 비교하려면 알맞은 방법은?","같은 종류의 식물을 일정 기간 관찰한다","빛의 영향을 비교하려면 식물 종류 등 다른 조건을 가능한 같게 합니다.","passed","pending","pending","hold"
"G2-YEAR26-EXP01-017","integrated","TILE_CHOICE","친구와 함께 쓰는 교실 물건을 사용한 뒤 어떻게 하나요?","제자리에 둔다","공용 물건을 제자리에 두면 다음 사람이 편하게 사용할 수 있습니다.","passed","pending","pending","hold"
"G2-YEAR26-EXP01-018","integrated","TILE_CHOICE","어제와 오늘의 기온을 비교하려고 합니다. 알맞은 방법은?","같은 시간에 온도계를 확인해 기록한다","같은 시간에 측정하면 날짜에 따른 기온을 비교하기 쉽습니다.","passed","pending","pending","hold"
"G2-YEAR26-VAR01-001","korean","ORDERING","소풍을 준비하는 순서대로 문장을 선택하세요.","준비물을 확인했습니다.,물병과 도시락을 가방에 넣었습니다.,가방을 메고 집을 나섰습니다.","준비물을 먼저 확인하고 가방에 넣은 다음 집을 나섭니다.","passed","pending","pending","hold"
"G2-YEAR26-VAR01-002","korean","ORDERING","책을 빌리고 돌려주는 순서대로 선택하세요.","도서관에서 책을 빌렸습니다.,집에서 책을 읽었습니다.,읽은 책을 반납했습니다.","책을 빌린 다음 읽고 마지막에 반납합니다.","passed","pending","pending","hold"
"G2-YEAR26-VAR01-003","korean","MATCHING","'빠르다', '차갑다'의 반대말을 차례대로 연결하세요.","빠르다 ↔ 느리다,차갑다 ↔ 뜨겁다","빠르다의 반대는 느리다, 차갑다의 반대는 뜨겁다입니다.","passed","pending","pending","hold"
"G2-YEAR26-VAR01-004","korean","MATCHING","알맞은 낱말과 뜻을 '도착', '출발' 순서로 연결하세요.","도착 ↔ 목적지에 도달함,출발 ↔ 길을 떠남","도착은 목적지에 이르는 것이고 출발은 길을 떠나는 것입니다.","passed","pending","pending","hold"
"G2-YEAR26-VAR01-005","math","ORDERING","다음 수를 작은 수부터 차례대로 선택하세요.","29,47,65,83","십의 자리부터 비교하면 29, 47, 65, 83 순서입니다.","passed","pending","pending","hold"
"G2-YEAR26-VAR01-006","math","ORDERING","계산 결과가 작은 것부터 차례대로 선택하세요.","7+5,20-4,9+8","계산하면 각각 12, 16, 17이므로 작은 결과부터 선택합니다.","passed","pending","pending","hold"
"G2-YEAR26-VAR01-007","math","MATCHING","곱셈식 3×4와 5×2를 계산한 결과와 차례대로 연결하세요.","3×4 ↔ 12,5×2 ↔ 10","3을 네 번 더하면 12, 5를 두 번 더하면 10입니다.","passed","pending","pending","hold"
"G2-YEAR26-VAR01-008","math","MATCHING","길이 단위를 '1m', '2m' 순서로 연결하세요.","1m ↔ 100cm,2m ↔ 200cm","1m는 100cm이므로 2m는 200cm입니다.","passed","pending","pending","hold"
"G2-YEAR26-VAR01-009","math","TILE_SEQUENCE","20부터 50까지 10씩 커지는 수를 차례대로 선택하세요.","20,30,40,50","20에 10을 계속 더하면 30, 40, 50이 됩니다.","passed","pending","pending","hold"
"G2-YEAR26-VAR01-010","math","TILE_SEQUENCE","5씩 커지는 수를 15부터 30까지 순서대로 선택하세요.","15,20,25,30","15에서 시작하여 5씩 더하면 20, 25, 30입니다.","passed","pending","pending","hold"
"G2-YEAR26-VAR01-011","integrated","ORDERING","식사 전후 손 씻기의 올바른 순서를 선택하세요.","손에 비누를 묻혀 꼼꼼히 문지릅니다.,흐르는 물로 비누를 씻어 냅니다.,깨끗한 수건으로 손을 닦습니다.","비누로 문지르고 물로 헹군 뒤 손을 잘 닦습니다.","passed","pending","pending","hold"
"G2-YEAR26-VAR01-012","integrated","MATCHING","안전한 행동을 '자전거', '횡단보도' 순서로 연결하세요.","자전거 ↔ 안전모 쓰기,횡단보도 ↔ 좌우 살피기","자전거를 탈 때는 안전모를 쓰고 횡단보도에서는 주변 차를 살펴야 합니다.","passed","pending","pending","hold"
"G2-YEAR26-VAR01-013","integrated","MATCHING","계절에 따른 모습으로 '봄', '겨울'을 차례대로 연결하세요.","봄 ↔ 새싹이 돋음,겨울 ↔ 나뭇잎이 떨어진 나무를 자주 봄","봄에는 새싹이 돋고 겨울에는 잎이 떨어진 나무를 흔히 볼 수 있습니다.","passed","pending","pending","hold"
"G2-YEAR26-VAR01-014","integrated","ORDERING","식물 관찰 기록을 남기는 순서대로 선택하세요.","날짜와 날씨를 적습니다.,식물의 잎과 줄기를 자세히 살핍니다.,관찰한 모습을 그림과 글로 기록합니다.","날짜와 날씨를 먼저 기록하고 식물을 관찰한 뒤 결과를 남길 수 있습니다.","passed","pending","pending","hold"
